{"cameraMode":{"drawMode":0,"name":"Shaded","section":"Shading Mode"},"sceneLighting":true,"audioPlay":false,"sceneViewState":{"m_AlwaysRefresh":false,"showFog":true,"showSkybox":true,"showFlares":true,"showImageEffects":true,"showParticleSystems":true,"showVisualEffectGraphs":true,"m_FxEnabled":true},"in2DMode":false,"pivot":{"x":0.5804398059844971,"y":3.069880723953247,"z":-0.13299629092216493},"rotation":{"x":0.0236735288053751,"y":-0.03538571298122406,"z":-0.0008383591775782406,"w":-0.9990951418876648},"size":16.440092086791993,"orthographic":false}