{"cameraMode":{"drawMode":0,"name":"Shaded","section":"Shading Mode"},"sceneLighting":true,"audioPlay":false,"sceneViewState":{"m_AlwaysRefresh":false,"showFog":true,"showSkybox":true,"showFlares":true,"showImageEffects":true,"showParticleSystems":true,"showVisualEffectGraphs":true,"m_FxEnabled":true},"in2DMode":false,"pivot":{"x":-10.11019229888916,"y":3.456800937652588,"z":20.70648956298828},"rotation":{"x":0.01649286225438118,"y":0.024622954428195955,"z":-0.00043530549737624824,"w":0.9995876550674439},"size":30.571866989135743,"orthographic":false}